<?xml version="1.0" encoding="utf-8" standalone="no"?><reviews>
<review>
	<reviewID>1</reviewID>
	<appID>1</appID>
	<reviewerID>1</reviewerID>
	<comments></comments>
	<decision></decision>	
</review>
<review>
	<reviewID>2</reviewID>
	<appID>1</appID>
	<reviewerID>3</reviewerID>
	<comments></comments>
	<decision></decision>	
</review>
<review>
	<reviewID>3</reviewID>
	<appID>2</appID>
	<reviewerID>1</reviewerID>
	<comments></comments>
	<decision></decision>	
</review>
<review>
	<reviewID>4</reviewID>
	<appID>2</appID>
	<reviewerID>3</reviewerID>
	<comments></comments>
	<decision></decision>	
</review>
<review>
	<reviewID>5</reviewID>
	<appID>3</appID>
	<reviewerID>2</reviewerID>
	<comments></comments>
	<decision></decision>	
</review>
<review>
	<reviewID>6</reviewID>
	<appID>3</appID>
	<reviewerID>4</reviewerID>
	<comments></comments>
	<decision></decision>	
</review>
<review>
	<reviewID>7</reviewID>
	<appID>4</appID>
	<reviewerID>2</reviewerID>
	<comments></comments>
	<decision></decision>	
</review>
<review>
	<reviewID>8</reviewID>
	<appID>4</appID>
	<reviewerID>4</reviewerID>
	<comments></comments>
	<decision></decision>	
</review>
<review>
	<reviewID>9</reviewID>
	<appID>5</appID>
	<reviewerID>2</reviewerID>
	<comments></comments>
	<decision></decision>	
</review>
<review>
	<reviewID>10</reviewID>
	<appID>5</appID>
	<reviewerID>4</reviewerID>
	<comments></comments>
	<decision></decision>	
</review>
<review>
	<reviewID>11</reviewID>
	<appID>6</appID>
	<reviewerID>1</reviewerID>
	<comments></comments>
	<decision></decision>	
</review>
<review>
	<reviewID>12</reviewID>
	<appID>6</appID>
	<reviewerID>3</reviewerID>
	<comments></comments>
	<decision></decision>	
</review>

</reviews>