<?xml-stylesheet type="text/xml" href="job.xsl"?>
<jobalerts>

<job>
<link>
http://jobview.careerone.com.au/senior-java-developer-job-canberra-act-au-167870606.aspx
</link>
<title>senior java developer</title>
<description>
act-canberra, senior java developer high performing team dean wintour (02) 6257 9802 senior java developer role located in canberra this leading cultural institution is looking to immediately engage a senior java developer on an initial 3 month contract through until 30 august 2016 with funds allocated for any number of extension options through until the end of the calendar year. you will be working in a highl
</description>
</job>


<job>
<link>
http://jobview.careerone.com.au/java-developer-job-brisbane-qld-au-167615671.aspx
</link>
<title>java developer</title>
<description>
qld-brisbane, looking for result oriented java developers 6 month contract + potential to extend another 6 months good hourly rates looking for a java developer for a 6+6 month contract with potential for extension. the role is with a government department in brisbane cbd. required skills: ability to work to tight deadlines problem solver and result driven and self motivated experience with ingres 10, java 8 an
</description>
</job>


<job>
<link>
http://jobview.careerone.com.au/java-developer-job-brisbane-qld-au-167616460.aspx
</link>
<title>java developer</title>
<description>
qld-brisbane, 6+6 month contract with potential for extension brisbane cbd location- great work life balance, flexible hours and stable job! looking for experience with ingres, java 8, tuxedo looking for java developers for a 6 + 6 month contract with potential for extension. this positon is with a government department therefore offers flexible hours. so apply for this role to enjoy real work life balance in a
</description>
</job>


<job>
<link>
http://jobview.careerone.com.au/devops-engineer-s-job-canberra-act-act-au-167916189.aspx
</link>
<title>devops engineer - s</title>
<description>
act-canberra and act, devops engineer - 1 year(s) ? canberra about this job our client a canberra based government department is looking to engage a devops engineer to improve the relationship between the business stream and internal ict section by advocating better communication and collaboration. the contract term is 12 months. devops is the practice of operations and development (ict) engineers participating togethe
</description>
</job>


<job>
<link>
http://jobview.careerone.com.au/node-programmer-job-braeside-vic-au-166683487.aspx
</link>
<title>node programmer</title>
<description>
vic-braeside, we are a new ecommerce website, bringing new and innovative ways for business and consumers to work together. you are an experienced node programmer who can identify areas that need addressing and help solve any issues as they arise. the role: our current team is looking for an experienced programmer to assist in problem solving and also to further develop in house capability with node this role r
</description>
</job>


<job>
<link>
http://jobview.careerone.com.au/el1-technical-lead-job-canberra-act-au-166691368.aspx
</link>
<title>el1 technical lead</title>
<description>
act-canberra, el1 opportunity baseline cleared role contact ivan for 62579802 for further information el1 technical lead required for an agile development team for an asap start on a min 12 month transfer or nog your new company this federal government agency provides testing and consumer safety advice and information and has a strong in-house development ethos using agile methodology. your new role you will on
</description>
</job>


<job>
<link>
http://jobview.careerone.com.au/expressions-of-interest-for-sessional-teacher-s-job-melbourne-vic-au-167916144.aspx
</link>
<title>expressions of interest for sessional teacher s</title>
<description>
vic-melbourne, expressions of interest for sessional teachers software development recruiter swinburne university of technology location hawthorn, australia salary $43.11 to $65.92 per hour posted 24 may 2016 end of advertisement period 21 jun 2016 ref s160238 academic discipline engineering and technology, computer science job type academic posts, other academic contract type fixed term hours sessional * send * s
</description>
</job>


<job>
<link>
http://jobview.careerone.com.au/junior-developer-job-canberra-act-act-au-167888894.aspx
</link>
<title>junior developer</title>
<description>
act-canberra and act, junior developer ? canberra about this job our federal government client is looking for a junior developer to fill in the gaps where required and help support the senior developers in the team with the tasks at hand. to be considered for this role, you must have: good problem solving skills willingness to learn new technologies capacity and willingness to work as part of an agile software developm
</description>
</job>


<job>
<link>
http://jobview.careerone.com.au/x2-web-developers-social-media-job-sydney-nsw-au-167873726.aspx
</link>
<title>x2 web developers - social media</title>
<description>
nsw-sydney, our client is an exciting social media start-up that has recently been funded with nearly 3 million dollars worth of investment. they've launched they're product in big way and looking for 2 strong developers to come on board to be part of the company and push the business into its next stage of growth. client details our client are still in the start up mode with regards to culture but are very h
</description>
</job>


<job>
<link>
http://jobview.careerone.com.au/software-developer-job-melbourne-vic-au-166685420.aspx
</link>
<title>software developer</title>
<description>
vic-melbourne, exciting opportunity to work within a unique sector start-up environment, agile organisation real opportunity for internal company growth exciting opportunity based in the cbd to pioneer the next generation in cloud-based video streaming your new company pioneering the next generation in content delivery network providers, this organisation leverages cloud partners to deliver a more seamless live
</description>
</job>


<job>
<link>
http://jobview.careerone.com.au/software-engineer-job-brisbane-qld-au-166681388.aspx
</link>
<title>software engineer</title>
<description>
qld-brisbane, large global organization - defence brisbane cbd location - permanent position applications open to australian citizens only large global organization with unique projects - defence brisbane cbd location - permanent position applications open to australian citizens only a large global organization is looking to hire an software engineer for a permanent role. for the right person, a long term contr
</description>
</job>


<job>
<link>
http://jobview.careerone.com.au/technical-solutions-engineer-google-for-work-job-sydney-nsw-au-167609267.aspx
</link>
<title>technical solutions engineer - google for work</title>
<description>
nsw-sydney, global organisation - sydney cbd based 12 month fixed term contract passionate about google apps? apply now! do you have experience and are passionate about google apps? your new company this organisation is committed to collaboration and strong relationships, well known for their technical excellence, they are seeking energetic and inspirational people who want to build a diverse and enduring car
</description>
</job>


<job>
<link>
http://jobview.careerone.com.au/senior-software-engineer-job-brisbane-qld-au-166681476.aspx
</link>
<title>senior software engineer</title>
<description>
qld-brisbane, the client is happy to engage on a permanent or contract basis brisbane cbd location applications open to australian citizens only the client is happy to engage on a permanent or contract basis brisbane cbd location applications open to australian citizens only join a well known and well established large global organization to work on exceptional projects and grow in your career. this could be a
</description>
</job>


<job>
<link>
http://jobview.careerone.com.au/senior-technical-tester-job-canberra-act-au-167369030.aspx
</link>
<title>senior technical tester</title>
<description>
act-canberra, long term project australian citizenship required matthew pankhurst - 62579802 this technical testing job will give you experience within a fast paced and dynamic project environment your new company this large government department has an immediate requirement for several senior technical test analysts to join an existing project team on an initial 12 month contract. your new role you will be wor
</description>
</job>


<job>
<link>
http://jobview.careerone.com.au/data-engineer-data-scientist-job-melbourne-vic-au-167614068.aspx
</link>
<title>data engineer data scientist</title>
<description>
vic-melbourne, immediate start available melbourne cbd exciting new project data engineer/ junior data scientist job based in the melbourne cbd your new company this exciting organisation is seeking to engage the services of a data engineer/ junior data scientist for a newly created role based in the melbourne cbd. your new role reporting into the lead data scientist you will be responsible for the development,
</description>
</job>




<job><title>

head teacher
</title>
<link>
https://online.det.nsw.edu.au/schoolfind/locator/?do=showrecordandamp;code=8451
</link>
<description>
coonamble high school  - 70% rental subsidy applies, years 7 - 12 (full time) approval to teach science. 29/05/2016 - 01/07/2016. </description></job>
<job><title>

head teacher
</title>
<link>
https://online.det.nsw.edu.au/schoolfind/locator/?do=showrecordandamp;code=8442
</link>
<description>
gundagai high school  years 7 - 12 (full time) approval to teach mathematics (years 11 - 12), mathematics (years 7 - 10) and mathematics extensions 1 andamp; 2. 18/07/2016 - 20/12/2016. </description></job>
<job><title>

head teacher
</title>
<link>
https://online.det.nsw.edu.au/schoolfind/locator/?do=showrecordandamp;code=8415
</link>
<description>
ryde secondary college  years 7 - 12 (full time) approval to teach students with mild intellectual disability and moderate intellectual disability. 30/05/2016 - 20/12/2016. </description></job>
<job><title>

teacher
</title>
<link>
https://online.det.nsw.edu.au/schoolfind/locator/?do=showrecordandamp;code=1350
</link>
<description>
brewarrina central school  - 90% rental subsidy applies, years k - 12 (full time) approval to teach infants (k - 2) and primary (3 - 6) and general. willingness to teach visual arts. 06/06/2016 - 16/12/2016. </description></job>
<job><title>

teacher
</title>
<link>
https://online.det.nsw.edu.au/schoolfind/locator/?do=showrecordandamp;code=1350
</link>
<description>
brewarrina central school  - 90% rental subsidy applies, years k - 12 (full time) approval to teach infants (k - 2) and primary (3 - 6) and general. 06/06/2016 - 16/12/2016.</description></job>
<job><title>

teacher
</title>
<link>
https://online.det.nsw.edu.au/schoolfind/locator/?do=showrecordandamp;code=1589
</link>
<description>
collarenebri central school  - 90% rental subsidy applies, years k - 2 (full time) approval to teach infants (k - 2) and infants (k - 2) and primary (3 - 6). 23/05/2016 - 20/12/2016.</description></job>
<job><title>

teacher
</title>
<link>
https://online.det.nsw.edu.au/schoolfind/locator/?do=showrecordandamp;code=1624
</link>
<description>
coolamon central school  years 7 - 11 (0.8 part time) approval to teach english (years 7 - 10). willingness to teach english (years 11 - 12). 23/05/2016 - 01/07/2016.</description></job>
<job><title>

teacher
</title>
<link>
https://online.det.nsw.edu.au/schoolfind/locator/?do=showrecordandamp;code=8451
</link>
<description>
coonamble high school  - 70% rental subsidy applies, years 7 - 12 (full time) approval to teach learning and support k-12 and learning and support secondary. willingness to teach learning and support k-12 and learning and support secondary. 30/05/2016 - 16/12/2016. </description></job>
<job><title>

teacher
</title>
<link>
https://online.det.nsw.edu.au/schoolfind/locator/?do=showrecordandamp;code=8420
</link>
<description>
evans high school  years 7 - 12 (full time) approval to teach technology mandatory (years 7-8), industrial technology - metal and metal and engineering. 30/05/2016 - 16/12/2016.</description></job>
<job><title>

teacher
</title>
<link>
https://online.det.nsw.edu.au/schoolfind/locator/?do=showrecordandamp;code=8284
</link>
<description>
georges river college oatley senior campus  years 11 - 12 (full time) approval to teach library. 30/05/2016 - 19/12/2016.</description></job>
<job><title>

teacher
</title>
<link>
https://online.det.nsw.edu.au/schoolfind/locator/?do=showrecordandamp;code=5423
</link>
<description>
john brotchie nursery school  years p - k (full time) approval to teach pre-school. 18/07/2016 - 16/12/2016. </description></job>
<job><title>

teacher
</title>
<link>
https://online.det.nsw.edu.au/schoolfind/locator/?do=showrecordandamp;code=8156
</link>
<description>
leeton high school  - 50% rental subsidy applies, years 7 - 11 (0.8 part time) approval to teach mathematics (years 7 - 10). willingness to teach mathematics (years 11 - 12). 30/05/2016 - 20/12/2016.</description></job>
<job><title>

teacher
</title>
<link>
https://online.det.nsw.edu.au/schoolfind/locator/?do=showrecordandamp;code=8225
</link>
<description>
marsden high school  years 7 - 12 (full time) approval to teach history (years 7 - 10), geography and society and culture/international studies. willingness to teach studies of religion. 06/06/2016 - 19/08/2016. </description></job>
<job><title>

teacher
</title>
<link>
https://online.det.nsw.edu.au/schoolfind/locator/?do=showrecordandamp;code=8225
</link>
<description>
marsden high school  years 7 - 10 (0.8 part time) approval to teach history (years 7 - 10) and geography. willingness to teach society and culture/international studies. 20/06/2016 - 19/08/2016. </description></job>
<job><title>

teacher
</title>
<link>
https://online.det.nsw.edu.au/schoolfind/locator/?do=showrecordandamp;code=2590
</link>
<description>
molong central school  years 7 - 12 (full time) approval to teach english (years 11 - 12) and english (years 7 - 10). willingness to teach history (years 7 - 10) and history (modern). 18/07/2016 - 20/12/2016. </description></job>
<job><title>

teacher
</title>
<link>
https://online.det.nsw.edu.au/schoolfind/locator/?do=showrecordandamp;code=4212
</link>
<description>
quakers hill east public school  years k - 6 (full time) approval to teach infants (k - 2) and primary (3 - 6). 06/06/2016 - 20/12/2016. </description></job>
<job><title>

teacher
</title>
<link>
https://online.det.nsw.edu.au/schoolfind/locator/?do=showrecordandamp;code=8463
</link>
<description>
sylvania high school  years 7 - 11 (full time) approval to teach technology mandatory (years 7-8). willingness to teach industrial technology - timber and industrial technology - multimedia/photography. 09/06/2016 - 29/07/2016.</description></job>
<job><title>

teacher
</title>
<link>
https://online.det.nsw.edu.au/schoolfind/locator/?do=showrecordandamp;code=8139
</link>
<description>
tamworth high school  years 7 - 12 (full time) approval to teach science and biology. 06/06/2016 - 17/12/2016.</description></job>
<job><title>

teacher
</title>
<link>
https://online.det.nsw.edu.au/schoolfind/locator/?do=showrecordandamp;code=8495
</link>
<description>
ulladulla high school  years 7 - 12 (full time) approval to teach english (years 7 - 10) and english (years 11 - 12). 08/08/2016 - 23/09/2016. </description></job>
<job><title>

teacher
</title>
<link>
https://online.det.nsw.edu.au/schoolfind/locator/?do=showrecordandamp;code=8495
</link>
<description>
ulladulla high school  years 7 - 12 (full time) approval to teach agriculture/agriculture technology. 12/09/2016 - 16/12/2016. </description></job>
<job><title>

teacher
</title>
<link>
https://online.det.nsw.edu.au/schoolfind/locator/?do=showrecordandamp;code=4059
</link>
<description>
wattawa heights public school  years k - 6 (0.6 part time) approval to teach primary (3 - 6). willingness to teach infants (k - 2). 06/06/2016 - 20/12/2016. </description></job>
<job><title>

teacher
</title>
<link>
https://online.det.nsw.edu.au/schoolfind/locator/?do=showrecordandamp;code=3442
</link>
<description>
wilcannia central  - 90% rental subsidy applies, years p - 12 (full time) approval to teach primary (3 - 6). 29/05/2016 - 18/12/2016. </description></job>
<job><title>

teacher
</title>
<link>
https://online.det.nsw.edu.au/schoolfind/locator/?do=showrecordandamp;code=8491
</link>
<description>
willyama high school  - 70% rental subsidy applies, years 7 - 12 (full time) approval to teach mathematics (years 7 - 10), mathematics (years 11 - 12) and legal studies. willingness to teach legal studies. 20/06/2016 - 15/12/2016.</description></job>
<job><title>

teacher
</title>
<link>
https://online.det.nsw.edu.au/schoolfind/locator/?do=showrecordandamp;code=4417
</link>
<description>
winston hills public school  years k - 6 (full time) approval to teach infants (k - 2) and primary (3 - 6). 18/07/2016 - 20/12/2016. </description></job>
<job>
<link>
https://jobsnsw.taleo.net/careersection/all_jobs/jobdetail.ftl?job=00004fmx
</link>
<title>tanken centre officer, seo1
</title>
<description> sydney - south
</description>
</job>
<job>
<link>
https://jobsnsw.taleo.net/careersection/all_jobs/jobdetail.ftl?job=00004eza
</link>
<title>creative arts advisor 7-12 - seo2
</title>
<description> sydney - east
</description>
</job>
<job>
<link>
https://jobsnsw.taleo.net/careersection/all_jobs/jobdetail.ftl?job=00004eqy
</link>
<title>aboriginal education and engagement officer, seo1
</title>
<description> gosford, central coast andamp; region
</description>
</job>
<job>
<link>
https://jobsnsw.taleo.net/careersection/all_jobs/jobdetail.ftl?job=00004g5i
</link>
<title>rural and remote advisor, seo2
</title>
<description> sydney city
</description>
</job>
<job>
<link>
https://jobsnsw.taleo.net/careersection/all_jobs/jobdetail.ftl?job=00004g5s
</link>
<title>secondary advisor, seo2
</title>
<description> sydney city
</description>
</job>
<job>
<link>
https://jobsnsw.taleo.net/careersection/all_jobs/jobdetail.ftl?job=00004g61
</link>
<title>primary advisor, seo2
</title>
<description> sydney city
</description>
</job>
<job>
<link>
https://jobsnsw.taleo.net/careersection/all_jobs/jobdetail.ftl?job=00004fzt
</link>
<title>seo1 aboriginal employment, seo1
</title>
<description> sydney - greater west
</description>
</job>
<job>
<link>
https://jobsnsw.taleo.net/careersection/all_jobs/jobdetail.ftl?job=00004erb
</link>
<title>learning and wellbeing officer, seo1
</title>
<description> central andamp; north coasts - newcastle andamp; hunter valley
</description>
</job>
<job>
<link>
https://jobsnsw.taleo.net/careersection/all_jobs/jobdetail.ftl?job=00004gba
</link>
<title>principal level p1 - freemans reach public school
</title>
<description> windsor
</description>
</job>
<job>
<link>
https://jobsnsw.taleo.net/careersection/all_jobs/jobdetail.ftl?job=00004g8i
</link>
<title>principal level p1- newtown north public school
</title>
<description> port jackson
</description>
</job>
<job>
<link>
https://jobsnsw.taleo.net/careersection/all_jobs/jobdetail.ftl?job=00004fep
</link>
<title>principal level p2 - coniston public school
</title>
<description> wollongong
</description>
</job>
<job>
<link>
https://jobsnsw.taleo.net/careersection/all_jobs/jobdetail.ftl?job=00004ff1
</link>
<title>principal level p2 - lindsay park public school
</title>
<description> wollongong
</description>
</job>
<job>
<link>
https://jobsnsw.taleo.net/careersection/all_jobs/jobdetail.ftl?job=00004fok
</link>
<title>principal level p2 - lugarno public school
</title>
<description> st george
</description>
</job>
<job>
<link>
https://jobsnsw.taleo.net/careersection/all_jobs/jobdetail.ftl?job=00004fqt
</link>
<title>principal level p3 - james meehan high school
</title>
<description> liverpool
</description>
</job>
<job>
<link>
https://jobsnsw.taleo.net/careersection/all_jobs/jobdetail.ftl?job=00004fsb
</link>
<title>principal level p3 - avalon public school
</title>
<description> northern beaches
</description>
</job>
<job>
<link>
https://jobsnsw.taleo.net/careersection/all_jobs/jobdetail.ftl?job=00004ald
</link>
<title>principal level p4 - evans high school
</title>
<description> blacktown
</description>
</job>
<job>
<link>
https://jobsnsw.taleo.net/careersection/all_jobs/jobdetail.ftl?job=00004b93
</link>
<title>principal level p4 - kooringal high school
</title>
<description> wagga wagga
</description>
</job>
<job>
<link>
https://jobsnsw.taleo.net/careersection/all_jobs/jobdetail.ftl?job=00004b9p
</link>
<title>principal level p4 - moorebank high school
</title>
<description> liverpool
</description>
</job>
<job>
<link>
https://jobsnsw.taleo.net/careersection/all_jobs/jobdetail.ftl?job=00004fdm
</link>
<title>principal level p4 - kogarah high school
</title>
<description> st george
</description>
</job>
<job>
<link>
https://jobsnsw.taleo.net/careersection/all_jobs/jobdetail.ftl?job=00004co0
</link>
<title>teaching principal 1 - wiangaree public school
</title>
<description> lismore
</description>
</job>
<job>
<link>
https://jobsnsw.taleo.net/careersection/all_jobs/jobdetail.ftl?job=00004f8s
</link>
<title>teaching principal 2 - bowning public school
</title>
<description> queanbeyan
</description>
</job>
<job>
<link>
https://jobsnsw.taleo.net/careersection/all_jobs/jobdetail.ftl?job=00004f8t
</link>
<title>assistant principal - belmont north public school
</title>
<description> lake macquarie
</description>
</job>
<job>
<link>
https://jobsnsw.taleo.net/careersection/all_jobs/jobdetail.ftl?job=00004c6b
</link>
<title>assistant principal - east hills public school
</title>
<description> bankstown
</description>
</job>
<job>
<link>
https://jobsnsw.taleo.net/careersection/all_jobs/jobdetail.ftl?job=00004dzo
</link>
<title>assistant principal - burwood public school
</title>
<description> granville
</description>
</job>
<job>
<link>
https://jobsnsw.taleo.net/careersection/all_jobs/jobdetail.ftl?job=00004e2h
</link>
<title>assistant principal - panania public school
</title>
<description> bankstown
</description>
</job>
<job>
<link>
https://jobsnsw.taleo.net/careersection/all_jobs/jobdetail.ftl?job=00004e4z
</link>
<title>assistant principal - regents park public school
</title>
<description> granville
</description>
</job>
<job>
<link>
https://jobsnsw.taleo.net/careersection/all_jobs/jobdetail.ftl?job=00004gsp
</link>
<title>assistant principal - seaforth public school
</title>
<description> northern beaches
</description>
</job>
<job>
<link>
https://jobsnsw.taleo.net/careersection/all_jobs/jobdetail.ftl?job=00004g9i
</link>
<title>deputy principal primary k-6 - drummoyne public school
</title>
<description> port jackson
</description>
</job>
<job>
<link>
https://jobsnsw.taleo.net/careersection/all_jobs/jobdetail.ftl?job=00004e3w
</link>
<title>deputy principal primary k-6 - narellan vale public school
</title>
<description> campbelltown
</description>
</job>
<job>
<link>
https://jobsnsw.taleo.net/careersection/all_jobs/jobdetail.ftl?job=000049ut
</link>
<title>deputy principal secondary - nowra high school
</title>
<description> shellharbour
</description>
</job>
<job>
<link>
https://jobsnsw.taleo.net/careersection/all_jobs/jobdetail.ftl?job=00004e62
</link>
<title>deputy principal secondary - lucas heights community school
</title>
<description> sutherland
</description>
</job>
<job>
<link>
https://jobsnsw.taleo.net/careersection/all_jobs/jobdetail.ftl?job=00004fs5
</link>
<title>head teacher mathematics - kingsgrove high school
</title>
<description> st george
</description>
</job>
<job>
<link>
https://jobsnsw.taleo.net/careersection/all_jobs/jobdetail.ftl?job=00004bg5
</link>
<title>head teacher agriculture - farrer memorial agricultural high school
</title>
<description> tamworth
</description>
</job>
<job>
<link>
https://jobsnsw.taleo.net/careersection/all_jobs/jobdetail.ftl?job=00004ba6
</link>
<title>head teacher english - bass high school
</title>
<description> bankstown
</description>
</job>
<job>
<link>
https://jobsnsw.taleo.net/careersection/all_jobs/jobdetail.ftl?job=00004fa8
</link>
<title>head teacher industrial arts - bellingen high school
</title>
<description> clarence/coffs harbour
</description>
</job>
<job>
<link>
https://jobsnsw.taleo.net/careersection/all_jobs/jobdetail.ftl?job=00004e56
</link>
<title>head teacher mathematics - bankstown girls high school
</title>
<description> bankstown
</description>
</job>
<job>
<link>
https://jobsnsw.taleo.net/careersection/all_jobs/jobdetail.ftl?job=00004e33
</link>
<title>head teacher personal development, health and physical education - chifley college senior campus
</title>
<description> mount druitt
</description>
</job>
<job>
<link>
https://jobsnsw.taleo.net/careersection/all_jobs/jobdetail.ftl?job=00004e28
</link>
<title>head teacher science - chifley college bidwill campus
</title>
<description> mount druitt
</description>
</job>
<job>
<link>
https://jobsnsw.taleo.net/careersection/all_jobs/jobdetail.ftl?job=00004fyj
</link>
<title>head teacher science - narrabri high school
</title>
<description> moree
</description>
</job>
<job>
<link>
https://jobsnsw.taleo.net/careersection/all_jobs/jobdetail.ftl?job=00004f8z
</link>
<title>head teacher secondary studies - tullibigeal central school
</title>
<description> griffith
</description>
</job>
<job>
<link>
https://jobsnsw.taleo.net/careersection/all_jobs/jobdetail.ftl?job=000047wj
</link>
<title>head teacher special education - morisset high school
</title>
<description> lake macquarie
</description>
</job>
<job>
<link>
https://jobsnsw.taleo.net/careersection/all_jobs/jobdetail.ftl?job=00004dzt
</link>
<title>head teacher teaching andamp; learning - sydney girls high school
</title>
<description> bondi
</description>
</job>
<job>
<link>
https://jobsnsw.taleo.net/careersection/all_jobs/jobdetail.ftl?job=00004gd5
</link>
<title>home school liaison officer - coonamble high school
</title>
<description> dubbo
</description>
</job>
<job>
<link>
https://jobsnsw.taleo.net/careersection/all_jobs/jobdetail.ftl?job=000046es
</link>
<title>teacher learning and support (0.7fte) - liverpool girls high school
</title>
<description> liverpool
</description>
</job>
<job>
<link>
https://jobsnsw.taleo.net/careersection/all_jobs/jobdetail.ftl?job=000046m9
</link>
<title>teacher learning and support - liverpool girls high school
</title>
<description> liverpool
</description>
</job>
<job>
<link>
https://jobsnsw.taleo.net/careersection/all_jobs/jobdetail.ftl?job=000046or
</link>
<title>teacher careers - chatham high school
</title>
<description> taree
</description>
</job>
<job>
<link>
https://jobsnsw.taleo.net/careersection/all_jobs/jobdetail.ftl?job=00004dv6
</link>
<title>teacher personal development, health and physical education - kingsgrove high school
</title>
<description> st george
</description>
</job>
<job>
<link>
https://jobsnsw.taleo.net/careersection/all_jobs/jobdetail.ftl?job=00004faq
</link>
<title>teacher school counsellor - kempsey high school
</title>
<description> port macquarie
</description>
</job>
<job>
<link>
https://jobsnsw.taleo.net/careersection/all_jobs/jobdetail.ftl?job=00004gca
</link>
<title>teacher music - moss vale high school
</title>
<description> shellharbour
</description>
</job>
<job>
<link>
https://jobsnsw.taleo.net/careersection/all_jobs/jobdetail.ftl?job=00004ge6
</link>
<title>teacher library - coonamble high school
</title>
<description> dubbo
</description>
</job>
<job>
<link>
https://jobsnsw.taleo.net/careersection/all_jobs/jobdetail.ftl?job=00004ghm
</link>
<title>teacher learning and support - (0.4 fte) - pymble public school
</title>
<description> ryde
</description>
</job>
<job>
<link>
https://jobsnsw.taleo.net/careersection/all_jobs/jobdetail.ftl?job=00004dgu
</link>
<title>principal level p1 - newcastle east public school
</title>
<description> newcastle
</description>
</job>
<job>
<link>
https://jobsnsw.taleo.net/careersection/all_jobs/jobdetail.ftl?job=00004b9k
</link>
<title>principal level p3 - casula public school
</title>
<description> liverpool
</description>
</job>
<job>
<link>
https://jobsnsw.taleo.net/careersection/all_jobs/jobdetail.ftl?job=00004f17
</link>
<title>teaching principal level tp2 - hurstville grove infants school
</title>
<description> st george
</description>
</job>
<job>
<link>
https://jobsnsw.taleo.net/careersection/all_jobs/jobdetail.ftl?job=00004fe7
</link>
<title>assistant principal - smithfield public school
</title>
<description> fairfield
</description>
</job>
<job>
<link>
https://jobsnsw.taleo.net/careersection/all_jobs/jobdetail.ftl?job=00004e5c
</link>
<title>assistant principal - douglas park public school
</title>
<description> campbelltown
</description>
</job>
<job>
<link>
https://jobsnsw.taleo.net/careersection/all_jobs/jobdetail.ftl?job=00004e6j
</link>
<title>assistant principal primary - eastwood public school
</title>
<description> ryde
</description>
</job>
<job>
<link>
https://jobsnsw.taleo.net/careersection/all_jobs/jobdetail.ftl?job=00004esu
</link>
<title>assistant principal - camdenville public school
</title>
<description> port jackson
</description>
</job>
<job>
<link>
https://jobsnsw.taleo.net/careersection/all_jobs/jobdetail.ftl?job=00004fuf
</link>
<title>assistant principal - warialda public school
</title>
<description> moree
</description>
</job>
<job>
<link>
https://jobsnsw.taleo.net/careersection/all_jobs/jobdetail.ftl?job=00004el8
</link>
<title>assistant principal special education - willans hill school
</title>
<description> wagga wagga
</description>
</job>
<job>
<link>
https://jobsnsw.taleo.net/careersection/all_jobs/jobdetail.ftl?job=00004fwp
</link>
<title>assistant principal special education - general - casuarina school
</title>
<description> blacktown
</description>
</job>
<job>
<link>
https://jobsnsw.taleo.net/careersection/all_jobs/jobdetail.ftl?job=000046j7
</link>
<title>deputy principal primary k-6 - jasper road public school
</title>
<description> parramatta
</description>
</job>
<job>
<link>
https://jobsnsw.taleo.net/careersection/all_jobs/jobdetail.ftl?job=000047e5
</link>
<title>deputy principal special education - general - smithfield public school
</title>
<description> fairfield
</description>
</job>
<job>
<link>
https://jobsnsw.taleo.net/careersection/all_jobs/jobdetail.ftl?job=00004ehg
</link>
<title>head teacher administration - leumeah high school
</title>
<description> campbelltown
</description>
</job>
<job>
<link>
https://jobsnsw.taleo.net/careersection/all_jobs/jobdetail.ftl?job=000047z2
</link>
<title>head teacher english - blaxland high school
</title>
<description> penrith
</description>
</job>
<job>
<link>
https://jobsnsw.taleo.net/careersection/all_jobs/jobdetail.ftl?job=00004dd5
</link>
<title>head teacher human society and its environment - picton high school
</title>
<description> campbelltown
</description>
</job>
<job>
<link>
https://jobsnsw.taleo.net/careersection/all_jobs/jobdetail.ftl?job=00004e0z
</link>
<title>head teacher mathematics - ingleburn high school
</title>
<description> liverpool
</description>
</job>
<job>
<link>
https://jobsnsw.taleo.net/careersection/all_jobs/jobdetail.ftl?job=000047fo
</link>
<title>head teacher personal development, health and physical education - whitebridge high school
</title>
<description> newcastle
</description>
</job>
<job>
<link>
https://jobsnsw.taleo.net/careersection/all_jobs/jobdetail.ftl?job=00004dze
</link>
<title>head teacher personal development, health and physical education - rose bay secondary college school
</title>
<description> bondi
</description>
</job>
<job>
<link>
https://jobsnsw.taleo.net/careersection/all_jobs/jobdetail.ftl?job=00004e1f
</link>
<title>head teacher personal development, health and physical education - casula high school
</title>
<description> liverpool
</description>
</job>
<job>
<link>
https://jobsnsw.taleo.net/careersection/all_jobs/jobdetail.ftl?job=00004e2i
</link>
<title>head teacher personal development, health and physical education - westfields sports high school
</title>
<description> fairfield
</description>
</job>
<job>
<link>
https://jobsnsw.taleo.net/careersection/all_jobs/jobdetail.ftl?job=00004fmd
</link>
<title>head teacher personal development, health and physical education - merrylands high school
</title>
<description> fairfield
</description>
</job>
<job>
<link>
https://jobsnsw.taleo.net/careersection/all_jobs/jobdetail.ftl?job=000047tl
</link>
<title>head teacher teaching and learning - kingsgrove high school
</title>
<description> st george
</description>
</job>
<job>
<link>
https://jobsnsw.taleo.net/careersection/all_jobs/jobdetail.ftl?job=000046ca
</link>
<title>head teacher technological and applied studies - gunnedah high school
</title>
<description> tamworth
</description>
</job>
<job>
<link>
https://jobsnsw.taleo.net/careersection/all_jobs/jobdetail.ftl?job=00004cfv
</link>
<title>teacher science - singleton high school
</title>
<description> muswellbrook
</description>
</job>
<job>
<link>
https://jobsnsw.taleo.net/careersection/all_jobs/jobdetail.ftl?job=00004e63
</link>
<title>teacher mathematics - randwick girls high school
</title>
<description> bondi
</description>
</job>
<job>
<link>
https://jobsnsw.taleo.net/careersection/all_jobs/jobdetail.ftl?job=00004eu3
</link>
<title>teacher learning and support - john edmondson high school
</title>
<description> liverpool
</description>
</job>
<job>
<link>
https://jobsnsw.taleo.net/careersection/all_jobs/jobdetail.ftl?job=00004ex6
</link>
<title>teacher personal development, health and physical education - greystanes high school
</title>
<description> parramatta
</description>
</job>
<job>
<link>
https://jobsnsw.taleo.net/careersection/all_jobs/jobdetail.ftl?job=00004f4g
</link>
<title>teacher human society and its environment - north sydney boys high school
</title>
<description> ryde
</description>
</job>
<job>
<link>
https://jobsnsw.taleo.net/careersection/all_jobs/jobdetail.ftl?job=00004fpj
</link>
<title>teacher personal development, health andamp; physical education - granville boys high school
</title>
<description> granville
</description>
</job>
<job>
<link>
https://jobsnsw.taleo.net/careersection/all_jobs/jobdetail.ftl?job=00004gcg
</link>
<title>teacher mathematics (0.6 fte) - newtown high school of performing arts
</title>
<description> port jackson
</description>
</job>
<job>
<link>
https://jobsnsw.taleo.net/careersection/all_jobs/jobdetail.ftl?job=00004gdt
</link>
<title>teacher - metford public school
</title>
<description> maitland
</description>
</job>
<job>
<link>
https://jobsnsw.taleo.net/careersection/all_jobs/jobdetail.ftl?job=00004cve
</link>
<title>teacher learning andamp; support 0.5fte - turramurra public school
</title>
<description> ryde
</description>
</job>
<job>
<link>
https://jobsnsw.taleo.net/careersection/all_jobs/jobdetail.ftl?job=00004cxx
</link>
<title>teacher - casino west public school
</title>
<description> lismore
</description>
</job>
<job>
<link>
https://jobsnsw.taleo.net/careersection/all_jobs/jobdetail.ftl?job=00004dun
</link>
<title>teacher - campbelltown east public school
</title>
<description> campbelltown
</description>
</job>
<job>
<link>
https://jobsnsw.taleo.net/careersection/all_jobs/jobdetail.ftl?job=00004fc0
</link>
<title>teacher - lismore south public school
</title>
<description> lismore
</description>
</job>
<job>
<link>
https://jobsnsw.taleo.net/careersection/all_jobs/jobdetail.ftl?job=00004bin
</link>
<title>teacher out of home care - coreen school
</title>
<description> blacktown
</description>
</job>
<job>
<link>
https://jobsnsw.taleo.net/careersection/all_jobs/jobdetail.ftl?job=00004fju
</link>
<title>teacher special education - glenfield park school
</title>
<description> liverpool
</description>
</job>
<job>
<link>
https://jobsnsw.taleo.net/careersection/all_jobs/jobdetail.ftl?job=00004fcb
</link>
<title>teacher special education (0.8 fte) - naremburn school
</title>
<description> ryde
</description>
</job>
<job>
<link>
https://jobsnsw.taleo.net/careersection/all_jobs/jobdetail.ftl?job=00004g1f
</link>
<title>teacher special education - wairoa school
</title>
<description> bondi
</description>
</job>
<job>
<link>
https://jobsnsw.taleo.net/careersection/all_jobs/jobdetail.ftl?job=00004din
</link>
<title>teacher librarian - wee waa high school
</title>
<description> moree
</description>
</job>
</jobalerts>